TagCode,GroupCode,ServerCode,TagName,DataType,DataSize,DataCount,Address,ClassName,DisplayOrder,Archive,Cycle,AutoSync,Active,ReadOnly,Remark,CreateTime,UpdateTime,RowVersion,
PermitGet01,AGV,WCSServer,允许取货01,7,4,1,DB542.DINT12,AGV01取货口,1,1,1,0,1,0,,23-11月-19,30-11月-19,C8B3C3365CFACC4AB6D9840D59A3CCAD,
GetCompleted01,AGV,WCSServer,取货完成01,7,4,4,DB543.DINT48,AGV01取货口,1,1,1,0,1,0,,23-11月-19,30-11月-19,7A15985ADE9DF94EACCF3EB12535F8B3,
PermitPut03,AGV,WCSServer,允许放货,7,4,1,DB552.DINT8,AGV放货口,1,1,1,0,1,0,,23-11月-19,23-11月-19,712C7B79A478654EAF3B9C54F8DD0625,
PutCompleted03,AGV,WCSServer,放货完成 ,7,4,6,DB553.DINT48,AGV放货口,1,1,1,0,1,0,,23-11月-19,23-11月-19,4227A4B6D3FF244CA0E489D456154C30,
PutCompletedReceived03,AGV,WCSServer,放货接收完成,7,4,1,DB554.DINT8,AGV放货口,1,1,1,0,1,0,,23-11月-19,23-11月-19,5EA91E8F4BADEC46A61F39A8270E0A9B,
PutCompletedReceived01,CR,WCSServer,放货接收完成,7,4,1,DB554.DINT0,1号堆垛机,1,1,1,0,1,0,,23-11月-19,28-11月-19,F9366F5F197B8743BB607E7FE0EEE07D,
PutCompletedReceived02,CR,WCSServer,放货接收完成,7,4,1,DB554.DINT4,2号堆垛机,1,1,1,0,1,0,,23-11月-19,28-11月-19,013691AF5458CC4A8D05056101090E2A,
RequestGet01,AGV,WCSServer,请求取货01,7,4,4,DB541.DINT48,AGV01取货口,1,1,1,0,1,0,,23-11月-19,30-11月-19,020FEBCAE331B14EBF9238CE15FE4F1F,
RequestPut03,AGV,WCSServer,请求放货,7,4,1,DB551.DINT8,AGV放货口,1,1,1,0,1,0,,23-11月-19,23-11月-19,3445635FFECE9242ACD881960F580BF7,
i16_ActLH,InteractiveGroup,CR01Server,ActLH,4,2,1,DB61.INT12,CRREP,6,1,1,0,1,0,,22-11月-19,22-11月-19,575C3131E90089489F0CBE842FB9C619,
i16_ActPosition,InteractiveGroup,CR01Server,"[Ap,PosA,PosR,PosXF,PosXP,PosY,PosZ]",4,2,7,DB61.INT14,CRREP,7,1,1,0,1,0,,22-11月-19,22-11月-19,38DA21F77898EF40A83D024C5D194F87,
i16_BSCmd,InteractiveGroup,CR01Server,BSCmd,4,2,1,DB60.INT0,CRCMD,1,1,1,0,1,0,,22-11月-19,22-11月-19,FDEC67279885A948B65394EEB91800CD,
i16_BSRep,InteractiveGroup,CR01Server,BSRep,4,2,1,DB61.INT0,CRREP,1,1,1,0,1,0,,22-11月-19,22-11月-19,F5B3D06B1BEA3B4BA7287888C2D74F6E,
i16_CarrierFuncMode,InteractiveGroup,CR01Server,CarrierFuncMode,4,2,1,DB61.INT38,CRREP,9,1,1,0,1,0,,22-11月-19,22-11月-19,1D005291583D874BBC7BAF7DFD0087EB,
i16_CmdNum,InteractiveGroup,CR01Server,CmdNum,4,2,1,DB60.INT4,CRCMD,3,1,1,0,1,0,,22-11月-19,22-11月-19,9F42728D1B178445BFB9D739A3D122EF,
i16_CmdNumRep,InteractiveGroup,CR01Server,CmdNumRep,4,2,1,DB61.INT4,CRREP,3,1,1,0,1,0,,22-11月-19,22-11月-19,82061A8BBCED3A4789AFC51882BD7D2B,
i16_GroupFuncMode,InteractiveGroup,CR01Server,GroupFuncMode,4,2,1,DB61.INT42,CRREP,11,1,1,0,1,0,,22-11月-19,22-11月-19,74C3F9FB3BB4A34EA0066257C9BED080,
i16_MCCmd,InteractiveGroup,CR01Server,MCCmd,4,2,1,DB60.INT2,CRCMD,2,1,1,0,1,0,,22-11月-19,22-11月-19,80933E05D2F8874290C0E85A56A88BFD,
i16_MCRep,InteractiveGroup,CR01Server,MCRep,4,2,1,DB61.INT2,CRREP,2,1,1,0,1,0,,22-11月-19,22-11月-19,655F527E82E9D54DBD0D9492E15CCB21,
i16_SetLH,InteractiveGroup,CR01Server,"[LT1,LT2,SetLH]",4,2,3,DB60.INT8,CRCMD,5,1,1,0,1,0,,22-11月-19,22-11月-19,1F4BC638BA046F44B40A19C2EE720C32,
i16_SetPosition,InteractiveGroup,CR01Server,"[Ap,PosA,PosR,PosXF,PosXP,PosY,PosZ]",4,2,7,DB60.INT14,CRCMD,6,1,1,0,1,0,,22-11月-19,22-11月-19,AEF60E6AE907074BB4FDFA85BB9C9A5C,
i16_SleepMode,InteractiveGroup,CR01Server,SleepMode,4,2,1,DB60.INT32,CRCMD,8,1,1,0,1,0,,22-11月-19,22-11月-19,4F869B3672CCB84AA39CB8291324D276,
u16_FuncCode,InteractiveGroup,CR01Server,FuncCode,5,2,1,DB60.WORD6,CRCMD,4,1,1,0,1,0,,22-11月-19,22-11月-19,D40D30009B778242AAEC11C718931EA7,
u16_FuncRep,InteractiveGroup,CR01Server,FunRep,5,2,1,DB61.WORD6,CRREP,4,1,1,0,1,0,,22-11月-19,22-11月-19,599149E7E5779F4EA3DD50FCE32A4252,
AlarmArray,InteractiveGroup,CR01Server,报警数组,1,1,624,DB70.DBX0.0,报警,1,1,1,0,1,0,,22-11月-19,22-11月-19,B154A30CEEC9DA459A73CEDC42565DD4,
bo_CarrierStatus,InteractiveGroup,CR01Server,"[RemoteOp,LocalOp~AlarmPresent]",1,1,8,DB61.DBX36.0,CRREP,8,1,1,0,1,0,,22-11月-19,22-11月-19,32CD7A1E3736244F9ECE38D6C4F2FB64,
bo_ChannelEmpty,InteractiveGroup,CR01Server,ChannelEmpty,1,1,1,DB60.DBX30.0,CRCMD,7,1,1,0,1,0,,22-11月-19,22-11月-19,CFD94DC121B48243BE8CF7042EB2B83A,
bo_FunctionMode,InteractiveGroup,CR01Server,"[Auto,Semi,Man,Stop,Rev,Emo]",1,1,6,DB60.DBX50.0,CRCMD,10,1,1,0,1,0,,22-11月-19,22-11月-19,F493B035F683DA4CBF4B24338468A051,
bo_FunctionModeStatus,InteractiveGroup,CR01Server,"[Auto,Semi,Man,Astp,ReadyAuto~AlarmPresent]",1,1,8,DB61.DBX8.0,CRREP,5,1,1,0,1,0,,22-11月-19,22-11月-19,9821ACDD84BF13428F74DE9D361E5B74,
bo_GroupStatus,InteractiveGroup,CR01Server,"[RemoteOp,LocalOp~AlarmPresent]",1,1,8,DB61.DBX40.0,CRREP,10,1,1,0,1,0,,22-11月-19,22-11月-19,65640254D2C21A418DE25CF6290B8FB4,
bo_TransportsActive,InteractiveGroup,CR01Server,TransportsActive,1,1,1,DB60.DBX48.0,CRCMD,9,1,1,0,1,0,,22-11月-19,22-11月-19,A67BCF33D678894196BA43323C5D495D,
AlarmArray,InteractiveGroup,CR02Server,报警数组,1,1,624,DB70.DBX0.0,报警,1,1,1,0,1,0,,22-11月-19,22-11月-19,5F347DE21400604694C14AED94DCAB91,
bo_CarrierStatus,InteractiveGroup,CR02Server,"[RemoteOp,LocalOp~AlarmPresent]",1,1,8,DB61.DBX36.0,CRREP,8,1,1,0,1,0,,22-11月-19,22-11月-19,D9215A8F79F68746822744F9F74ED61F,
bo_ChannelEmpty,InteractiveGroup,CR02Server,ChannelEmpty,1,1,1,DB60.DBX30.0,CRCMD,7,1,1,0,1,0,,22-11月-19,22-11月-19,DE0B0C10FEC33F46AC10256AA334637D,
bo_FunctionMode,InteractiveGroup,CR02Server,"[Auto,Semi,Man,Stop,Rev,Emo]",1,1,6,DB60.DBX50.0,CRCMD,10,1,1,0,1,0,,22-11月-19,22-11月-19,033B370D3E85F54CBC46A8C60756639E,
bo_FunctionModeStatus,InteractiveGroup,CR02Server,"[Auto,Semi,Man,Astp,ReadyAuto~AlarmPresent]",1,1,8,DB61.DBX8.0,CRREP,5,1,1,0,1,0,,22-11月-19,22-11月-19,3B344016F9D41A4B814EC2B503AB8227,
bo_GroupStatus,InteractiveGroup,CR02Server,"[RemoteOp,LocalOp~AlarmPresent]",1,1,8,DB61.DBX40.0,CRREP,10,1,1,0,1,0,,22-11月-19,22-11月-19,4D83D5E0381E594C994DC40E6D9BAAD0,
bo_TransportsActive,InteractiveGroup,CR02Server,TransportsActive,1,1,1,DB60.DBX48.0,CRCMD,9,1,1,0,1,0,,22-11月-19,22-11月-19,925E197AF15B6D4A8C4DF65968199874,
i16_ActLH,InteractiveGroup,CR02Server,ActLH,4,2,1,DB61.INT12,CRREP,6,1,1,0,1,0,,22-11月-19,22-11月-19,3888DB666C75F143AE4114F297E02493,
i16_ActPosition,InteractiveGroup,CR02Server,"[Ap,PosA,PosR,PosXF,PosXP,PosY,PosZ]",4,2,7,DB61.INT14,CRREP,7,1,1,0,1,0,,22-11月-19,22-11月-19,2DEE0BD06A6DCC42B3C86861F9853FD6,
i16_BSCmd,InteractiveGroup,CR02Server,BSCmd,4,2,1,DB60.INT0,CRCMD,1,1,1,0,1,0,,22-11月-19,22-11月-19,8F39FD881D728C478B40FDF2EC928F0F,
i16_BSRep,InteractiveGroup,CR02Server,BSRep,4,2,1,DB61.INT0,CRREP,1,1,1,0,1,0,,22-11月-19,22-11月-19,52E08B2A7E13744E8F32359CB6A8319D,
i16_CarrierFuncMode,InteractiveGroup,CR02Server,CarrierFuncMode,4,2,1,DB61.INT38,CRREP,9,1,1,0,1,0,,22-11月-19,22-11月-19,3982C319F1BA5049B0A61D70FAA5CCD0,
i16_CmdNum,InteractiveGroup,CR02Server,CmdNum,4,2,1,DB60.INT4,CRCMD,3,1,1,0,1,0,,22-11月-19,22-11月-19,67D2C332A82B7545972C131B654895FF,
i16_CmdNumRep,InteractiveGroup,CR02Server,CmdNumRep,4,2,1,DB61.INT4,CRREP,3,1,1,0,1,0,,22-11月-19,22-11月-19,AA79A99FCC4E1740907D0A772BBBA899,
i16_GroupFuncMode,InteractiveGroup,CR02Server,GroupFuncMode,4,2,1,DB61.INT42,CRREP,11,1,1,0,1,0,,22-11月-19,22-11月-19,02C31DA3C8AC83488CB6780FA5183840,
i16_MCCmd,InteractiveGroup,CR02Server,MCCmd,4,2,1,DB60.INT2,CRCMD,2,1,1,0,1,0,,22-11月-19,22-11月-19,146F39E5F203E947994B056F7D6E4E20,
i16_MCRep,InteractiveGroup,CR02Server,MCRep,4,2,1,DB61.INT2,CRREP,2,1,1,0,1,0,,22-11月-19,22-11月-19,3B8D8690EAF9C640B088F6D5579B03EB,
i16_SetLH,InteractiveGroup,CR02Server,"[LT1,LT2,SetLH]",4,2,3,DB60.INT8,CRCMD,5,1,1,0,1,0,,22-11月-19,22-11月-19,452805DCEA455842AD3DF94756964B3F,
i16_SetPosition,InteractiveGroup,CR02Server,"[Ap,PosA,PosR,PosXF,PosXP,PosY,PosZ]",4,2,7,DB60.INT14,CRCMD,6,1,1,0,1,0,,22-11月-19,22-11月-19,D66042004DEE184EB66C11054DCA5817,
i16_SleepMode,InteractiveGroup,CR02Server,SleepMode,4,2,1,DB60.INT32,CRCMD,8,1,1,0,1,0,,22-11月-19,22-11月-19,CFC1B0B9E89A434B8811A2A8D7F45C09,
u16_FuncCode,InteractiveGroup,CR02Server,FuncCode,5,2,1,DB60.WORD6,CRCMD,4,1,1,0,1,0,,22-11月-19,22-11月-19,8FA5532ED3528B41A320B317AB67B11E,
u16_FuncRep,InteractiveGroup,CR02Server,FunRep,5,2,1,DB61.WORD6,CRREP,4,1,1,0,1,0,,22-11月-19,22-11月-19,058452CF7E86A24B95E55E342D586316,
Heartbeat_I,Heartbeat,WCSServer,心跳,1,1,1,DB711,DBX0,控制交互,1,1,1,0,1,0,,22-11月-19,22-11月-19,E980C565A7FE415D8DAC49D830C7F79A
Heartbeat_O,Heartbeat,WCSServer,心跳交互,1,1,1,DB711,DBX0.1,控制交互,1,1,1,0,1,0,,22-11月-19,22-11月-19,D2D18774D04B45A389D3B528BAD5A0B7
ScanCodeInboundSign01,ScanCodeInbound,WCSServer,申请辅料入库请求标志位01,7,4,1,DB521.DINT16,申请辅料入库,1,1,1,0,1,0,,22-11月-19,22-11月-19,AC88B69B6EA34F9F879EA5C18A84C1D8,
ScanCodeInbound01,ScanCodeInbound,WCSServer,申请辅料入库请求01,7,4,4,DB521.DINT0,申请辅料入库,1,1,1,0,1,0,,22-11月-19,22-11月-19,DB61C3C7E33F4ABD8BF448767CFF0138,
ScanCodeInboundFeedback01,ScanCodeInbound,WCSServer,申请辅料入库反馈01,7,4,7,DB522.DINT0,申请辅料入库,1,1,1,0,1,0,,22-11月-19,22-11月-19,CD307F947D5B447EB377EDDA940CFDC6,
ScanCodeInboundSign02,ScanCodeInbound,WCSServer,申请辅料入库请求标志位02,7,4,1,DB521.DINT36,申请辅料入库,1,1,1,0,1,0,,22-11月-19,22-11月-19,60D2F2176AAC46D8B2B5F641A2406389,
ScanCodeInbound02,ScanCodeInbound,WCSServer,申请辅料入库请求02,7,4,4,DB521.DINT20,申请辅料入库,1,1,1,0,1,0,,22-11月-19,22-11月-19,EEF3C3BD3C4A44DD8D774357E577F5A3,
ScanCodeInboundFeedback02,ScanCodeInbound,WCSServer,申请辅料入库反馈02,7,4,7,DB522.DINT28,申请辅料入库,1,1,1,0,1,0,,22-11月-19,22-11月-19,D4BC6C4F49254D8F92716648A40B4C7F,
ScanCodeInboundSign03,ScanCodeInbound,WCSServer,申请辅料入库请求标志位03,7,4,1,DB521.DINT56,申请辅料入库,1,1,1,0,1,0,,22-11月-19,22-11月-19,FE6C7BE93EA24E7CA933E3EEECCCE69C,
ScanCodeInbound03,ScanCodeInbound,WCSServer,申请辅料入库请求03,7,4,4,DB521.DINT40,申请辅料入库,1,1,1,0,1,0,,22-11月-19,22-11月-19,A655E115FFF2448286118302B63214C6,
ScanCodeInboundFeedback03,ScanCodeInbound,WCSServer,申请辅料入库反馈03,7,4,7,DB522.DINT56,申请辅料入库,1,1,1,0,1,0,,22-11月-19,22-11月-19,EC037FBFF9A045FABF44511826348F83,
ApplyBackStorageSign01,ApplyBackStorage,WCSServer,申请回库请求标志位01,7,4,1,DB581.DINT20,申请回库,1,1,1,0,1,0,,22-11月-19,22-11月-19,4DAB7D7398604718B2A548DB0C16B80E,
ApplyBackStorage01,ApplyBackStorage,WCSServer,申请回库请求01,7,4,5,DB581.DINT0,申请回库,1,1,1,0,1,0,,22-11月-19,22-11月-19,4540CA58B5154C1A99D3DEE8811F19B5,
ApplyBackStorageFeedback01,ApplyBackStorage,WCSServer,申请回库反馈01,7,4,7,DB582.DINT0,申请回库,1,1,1,0,1,0,,22-11月-19,02-11月-20,D6603A0AA3CC844DB17B77682E0D2F27,
EmptyPalletInboundSign01,EmptyPalletInbound,WCSServer,请求空托盘入库请求标志位01,7,4,1,DB591.DINT16,请求空托盘入库,1,1,1,0,1,0,,22-11月-19,22-11月-19,0F404D3865BF492DA63A7C4F5AF9F62E,
EmptyPalletInbound01,EmptyPalletInbound,WCSServer,请求空托盘入库请求01,7,4,4,DB591.DINT0,请求空托盘入库,1,1,1,0,1,0,,22-11月-19,22-11月-19,25175E582E9144B5AB96BC8F2C68E55E,
EmptyPalletInboundFeedback01,EmptyPalletInbound,WCSServer,请求空托盘入库反馈01,7,4,6,DB592.DINT0,请求空托盘入库,1,1,1,0,1,0,,22-11月-19,22-11月-19,3CFA15D8FDE5476BAE5D0617655DF144,
TaskArriveRequestSign01,TaskArrive,WCSServer,任务到达请求标志位01,7,4,1,DB531.DINT16,任务到达,1,1,1,0,1,0,,22-11月-19,22-11月-19,4607D63DD5F049D08203AAB77B850A97,
TaskArriveRequest01,TaskArrive,WCSServer,任务到达请求01,7,4,4,DB531.DINT0,任务到达,1,1,1,0,1,0,,22-11月-19,22-11月-19,E61082C713AA41ADB2DBB205085F57E5,
TaskArriveFeedback01,TaskArrive,WCSServer,任务到达反馈01,7,4,5,DB532.DINT0,任务到达,1,1,1,0,1,0,,22-11月-19,22-11月-19,9B2DC12D92CD452CA0E56237F4BA2430,
TaskArriveRequestSign02,TaskArrive,WCSServer,任务到达请求标志位02,7,4,1,DB531.DINT36,任务到达,1,1,1,0,1,0,,22-11月-19,22-11月-19,183D8064C6DA4AA4A75336FA3D6C82F6,
TaskArriveRequest02,TaskArrive,WCSServer,任务到达请求02,7,4,4,DB531.DINT20,任务到达,1,1,1,0,1,0,,22-11月-19,22-11月-19,1EE96A06CF2B4151990E8F41EFA7F019,
TaskArriveFeedback02,TaskArrive,WCSServer,任务到达反馈02,7,4,5,DB532.DINT20,任务到达,1,1,1,0,1,0,,22-11月-19,22-11月-19,8CCE0E1F3F3C4857829E4A2997E5AE2E,
PutCompleted01,CR,WCSServer,放货完成 ,7,4,6,DB553.DINT0,1号堆垛机,1,1,1,0,1,0,,28-11月-19,28-11月-19,06DC5AE72168E44BAB20D4F0561AD7F4,
PutCompleted02,CR,WCSServer,放货完成 ,7,4,6,DB553.DINT24,2号堆垛机,1,1,1,0,1,0,,28-11月-19,28-11月-19,E85FF0DF9C0FB846B2B2203CF3DF7AC1,
RequestGet02,AGV,WCSServer,请求取货02,7,4,4,DB541.DINT32,AGV02取货口,1,1,1,0,1,0,,29-11月-19,30-11月-19,892CA4771220564EB51E589896B199FF,
PermitGet02,AGV,WCSServer,允许取货02,7,4,1,DB542.DINT8,AGV02取货口,1,1,1,0,1,0,,29-11月-19,30-11月-19,5F7B5B5C033F504384590D52C652E95D,
GetCompleted02,AGV,WCSServer,取货完成02,7,4,4,DB543.DINT32,AGV02取货口,1,1,1,0,1,0,,29-11月-19,30-11月-19,7E55DF04CBF1F347A2955E86F646FBBC,
GetCompletedReceived01,AGV,WCSServer,取货接收完成01,7,4,1,DB544.DINT12,AGV01取货口,1,1,1,0,1,0,,30-11月-19,30-11月-19,37D6C5E8E6E0CB46A52AE51BCE6B97E8,
GetCompletedReceived02,AGV,WCSServer,取货接收完成02,7,4,1,DB544.DINT8,AGV02取货口,1,1,1,0,1,0,,30-11月-19,30-11月-19,FD570AE4E90E7B4AA9A952451A9890A5,
CR01AlarmArray,CR,WCSServer,1号堆垛机报警数组,1,1,0,DB760.DBX0.0,1号堆垛机,1,1,1,0,1,0,,19-4月 -20,19-4月 -20,30C1A9E4F748264C925F5CC76138E053,
CR02AlarmArray,CR,WCSServer,2号堆垛机报警数组,1,1,0,DB760.DBX78.0,2号堆垛机,1,1,1,0,1,0,,19-4月 -20,19-4月 -20,FE259E118095D748B5BA21F77E99369D,
QuantityFeedback,ProductInfoSummary,WCSServer,各产品总数量,7,4,200,DB804.DINT5600,产品信息统计,1,1,1,0,1,0,,16-1月 -21,16-1月 -21,B7832B9CC417164AA596322CD04729F3,
AGV01Status,AGV,WCSServer,1#AGV小车状态,1,1,10,DB600.DBX0.0,AGV状态,1,1,1,0,1,0,,17-8月 -20,17-8月 -20,6CED043D093D514E8D150503FC342ABC,
ProductFeedback,LocationInfo,WCSServer,产品反馈,11,40,1,DB802.STRING0,货位托盘信息,1,1,1,0,1,0,,17-10月-20,08-11月-20,DFD2855A7EA976448EF76F6B62E2428E,
PalletRequestSign,LocationInfo,WCSServer,盘位请求标志,7,4,1,DB801.DINT4,货位托盘信息,1,1,1,0,1,0,,17-10月-20,08-11月-20,DD5369700FE3FD49BF0E402B2FFCD873,
StorageInfoFeedback01,LocationInfo,WCSServer,库存信息反馈01,11,40,1,DB802.STRING40,货位托盘信息,1,1,1,0,1,0,,08-11月-20,08-11月-20,854C4C6089F1D94EAC234701A9754130,
StorageInfoFeedback03,LocationInfo,WCSServer,库存信息反馈03,11,40,1,DB802.STRING120,货位托盘信息,1,1,1,0,1,0,,08-11月-20,08-11月-20,35F4DAD7B1439C48B74CCF848CF47C66,
ProductNameFeedback165,ProductInfoSummary,WCSServer,产品名称反馈165,11,28,1,DB804.STRING4592,产品信息统计,1,1,1,0,1,0,,16-1月 -21,16-1月 -21,4B90C86F774D47D28B63417D6B17658C,
ProductNameFeedback166,ProductInfoSummary,WCSServer,产品名称反馈166,11,28,1,DB804.STRING4620,产品信息统计,1,1,1,0,1,0,,16-1月 -21,16-1月 -21,8A9EBAAA171F4C98A0D37DAA03A25171,
ProductNameFeedback167,ProductInfoSummary,WCSServer,产品名称反馈167,11,28,1,DB804.STRING4648,产品信息统计,1,1,1,0,1,0,,16-1月 -21,16-1月 -21,186F81A7ED2349B6BF252C10BE876ADC,
ProductNameFeedback168,ProductInfoSummary,WCSServer,产品名称反馈168,11,28,1,DB804.STRING4676,产品信息统计,1,1,1,0,1,0,,16-1月 -21,16-1月 -21,EE968741887043BCA9FF087E9A9ECE82,
ProductNameFeedback169,ProductInfoSummary,WCSServer,产品名称反馈169,11,28,1,DB804.STRING4704,产品信息统计,1,1,1,0,1,0,,16-1月 -21,16-1月 -21,5868061DD022424E95F6DA6D8A58F7BA,
ProductNameFeedback170,ProductInfoSummary,WCSServer,产品名称反馈170,11,28,1,DB804.STRING4732,产品信息统计,1,1,1,0,1,0,,16-1月 -21,16-1月 -21,4376D562807047DF8B32D0B829A51E11,
ProductNameFeedback171,ProductInfoSummary,WCSServer,产品名称反馈171,11,28,1,DB804.STRING4760,产品信息统计,1,1,1,0,1,0,,16-1月 -21,16-1月 -21,DBF72B12497D4BA587D68F31DE363980,
ProductNameFeedback172,ProductInfoSummary,WCSServer,产品名称反馈172,11,28,1,DB804.STRING4788,产品信息统计,1,1,1,0,1,0,,16-1月 -21,16-1月 -21,CE5D52928B404B9ABEF711B1CA058D3B,
ProductNameFeedback173,ProductInfoSummary,WCSServer,产品名称反馈173,11,28,1,DB804.STRING4816,产品信息统计,1,1,1,0,1,0,,16-1月 -21,16-1月 -21,8600D7613A514FC4A70F762BBDCE7DBF,
ProductNameFeedback174,ProductInfoSummary,WCSServer,产品名称反馈174,11,28,1,DB804.STRING4844,产品信息统计,1,1,1,0,1,0,,16-1月 -21,16-1月 -21,47B3DC2F6BFC4A9B9D72E78EDD750F37,
ProductNameFeedback175,ProductInfoSummary,WCSServer,产品名称反馈175,11,28,1,DB804.STRING4872,产品信息统计,1,1,1,0,1,0,,16-1月 -21,16-1月 -21,50DDD643C8B143E78FDCEBF35CBC6193,
ProductNameFeedback176,ProductInfoSummary,WCSServer,产品名称反馈176,11,28,1,DB804.STRING4900,产品信息统计,1,1,1,0,1,0,,16-1月 -21,16-1月 -21,FC43241F22864AD0B907C25A42556DC8,
ProductNameFeedback177,ProductInfoSummary,WCSServer,产品名称反馈177,11,28,1,DB804.STRING4928,产品信息统计,1,1,1,0,1,0,,16-1月 -21,16-1月 -21,B17E3E6BB5154F488B274DF74A11A2DF,
ProductNameFeedback178,ProductInfoSummary,WCSServer,产品名称反馈178,11,28,1,DB804.STRING4956,产品信息统计,1,1,1,0,1,0,,16-1月 -21,16-1月 -21,0A80D1E2C400480BA3CCF96395CB4D15,
ProductNameFeedback179,ProductInfoSummary,WCSServer,产品名称反馈179,11,28,1,DB804.STRING4984,产品信息统计,1,1,1,0,1,0,,16-1月 -21,16-1月 -21,BFDDDDA8283B415797325CBB93328FFB,
ProductNameFeedback180,ProductInfoSummary,WCSServer,产品名称反馈180,11,28,1,DB804.STRING5012,产品信息统计,1,1,1,0,1,0,,16-1月 -21,16-1月 -21,D593EABF82194D498DA6BF96AB372E40,
ProductNameFeedback181,ProductInfoSummary,WCSServer,产品名称反馈181,11,28,1,DB804.STRING5040,产品信息统计,1,1,1,0,1,0,,16-1月 -21,16-1月 -21,13A634D176F74B94BFD05372F18C4DE2,
ProductNameFeedback182,ProductInfoSummary,WCSServer,产品名称反馈182,11,28,1,DB804.STRING5068,产品信息统计,1,1,1,0,1,0,,16-1月 -21,16-1月 -21,FD676622D8554807B6FA61B8EB01CE89,
ProductNameFeedback183,ProductInfoSummary,WCSServer,产品名称反馈183,11,28,1,DB804.STRING5096,产品信息统计,1,1,1,0,1,0,,16-1月 -21,16-1月 -21,96ED3FF955384CB3A429B3755D7E67F4,
ProductNameFeedback184,ProductInfoSummary,WCSServer,产品名称反馈184,11,28,1,DB804.STRING5124,产品信息统计,1,1,1,0,1,0,,16-1月 -21,16-1月 -21,3DD0C685334B4C9F97F945E07CBAF26D,
ProductNameFeedback164,ProductInfoSummary,WCSServer,产品名称反馈164,11,28,1,DB804.STRING4564,产品信息统计,1,1,1,0,1,0,,16-1月 -21,16-1月 -21,01AD22B15D6F4BA0B1B742C562ADE2CD,
StorageInfoFeedback02,LocationInfo,WCSServer,库存信息反馈02,11,40,1,DB802.STRING80,货位托盘信息,1,1,1,0,1,0,,08-11月-20,08-11月-20,67CA45545DA0664EB6B867E0D0CF3AA2,
ProductNameFeedback185,ProductInfoSummary,WCSServer,产品名称反馈185,11,28,1,DB804.STRING5152,产品信息统计,1,1,1,0,1,0,,16-1月 -21,16-1月 -21,BAFCCA4905DE4549B243698C6ABB586C,
ProductNameFeedback186,ProductInfoSummary,WCSServer,产品名称反馈186,11,28,1,DB804.STRING5180,产品信息统计,1,1,1,0,1,0,,16-1月 -21,16-1月 -21,DC4FB8157A344E89A9B8E89C156736D1,
AGV04Status,AGV,WCSServer,4#AGV小车状态,1,1,10,DB600.DBX15.0,AGV状态,1,1,1,0,1,0,,17-8月 -20,17-8月 -20,BB0153ED1CDD8E49BA9072275E96C0FE,
AGV03Status,AGV,WCSServer,3#AGV小车状态,1,1,10,DB600.DBX10.0,AGV状态,1,1,1,0,1,0,,17-8月 -20,17-8月 -20,D5CBF40164646C4483918ABA09556F63,
AGV02Status,AGV,WCSServer,2#AGV小车状态,1,1,10,DB600.DBX5.0,AGV状态,1,1,1,0,1,0,,17-8月 -20,17-8月 -20,C613FAAD361E124DB9CC9C48F9A1AF17,
RealTimeLocationInfo,RealTimeLocationInfo,WCSServer,实时货位信息,3,1,770,DB800.BYTE0,实时货位信息,1,1,1,0,1,0,,17-10月-20,17-10月-20,64C7224F3ADBF642BF967D41D52D50DF,
PalletDataRequest,LocationInfo,WCSServer,盘位数据请求,7,4,1,DB801.DINT0,货位托盘信息,1,1,1,0,1,0,,17-10月-20,08-11月-20,B60D0C3ADDE77F46BC47FB07AB45F0A2,
ProductNameFeedback187,ProductInfoSummary,WCSServer,产品名称反馈187,11,28,1,DB804.STRING5208,产品信息统计,1,1,1,0,1,0,,16-1月 -21,16-1月 -21,D846DC8BC13B471097CD3152FD1AA32F,
ProductNameFeedback188,ProductInfoSummary,WCSServer,产品名称反馈188,11,28,1,DB804.STRING5236,产品信息统计,1,1,1,0,1,0,,16-1月 -21,16-1月 -21,90A7335DD4B54FD2B26184A35EE2D5A0,
ProductNameFeedback189,ProductInfoSummary,WCSServer,产品名称反馈189,11,28,1,DB804.STRING5264,产品信息统计,1,1,1,0,1,0,,16-1月 -21,16-1月 -21,CF61D58F8C4B40238265F09182DA2B7B,
ProductNameFeedback190,ProductInfoSummary,WCSServer,产品名称反馈190,11,28,1,DB804.STRING5292,产品信息统计,1,1,1,0,1,0,,16-1月 -21,16-1月 -21,5B7D704EA9AA4E2DBC8AC74BA0FE0A8B,
ProductNameFeedback191,ProductInfoSummary,WCSServer,产品名称反馈191,11,28,1,DB804.STRING5320,产品信息统计,1,1,1,0,1,0,,16-1月 -21,16-1月 -21,F49E433C23014177A662A52FDE0DF73A,
ProductNameFeedback192,ProductInfoSummary,WCSServer,产品名称反馈192,11,28,1,DB804.STRING5348,产品信息统计,1,1,1,0,1,0,,16-1月 -21,16-1月 -21,E6EE90790ABC4710856E737A1043F1EE,
ProductNameFeedback193,ProductInfoSummary,WCSServer,产品名称反馈193,11,28,1,DB804.STRING5376,产品信息统计,1,1,1,0,1,0,,16-1月 -21,16-1月 -21,541C1E718E3548E2BCC4CF6639CFEFFA,
ProductNameFeedback194,ProductInfoSummary,WCSServer,产品名称反馈194,11,28,1,DB804.STRING5404,产品信息统计,1,1,1,0,1,0,,16-1月 -21,16-1月 -21,8BEDAD0109904054A7FC3D0E43A77CFF,
ProductNameFeedback195,ProductInfoSummary,WCSServer,产品名称反馈195,11,28,1,DB804.STRING5432,产品信息统计,1,1,1,0,1,0,,16-1月 -21,16-1月 -21,9B5B23D000CB4A24907553CA5DBE06CD,
ProductNameFeedback196,ProductInfoSummary,WCSServer,产品名称反馈196,11,28,1,DB804.STRING5460,产品信息统计,1,1,1,0,1,0,,16-1月 -21,16-1月 -21,2EDE29F3024C4B53A932D3F3B4AB82CA,
ProductNameFeedback197,ProductInfoSummary,WCSServer,产品名称反馈197,11,28,1,DB804.STRING5488,产品信息统计,1,1,1,0,1,0,,16-1月 -21,16-1月 -21,D7F90AAE9A684EA2932281F8E1D055A5,
ProductNameFeedback198,ProductInfoSummary,WCSServer,产品名称反馈198,11,28,1,DB804.STRING5516,产品信息统计,1,1,1,0,1,0,,16-1月 -21,16-1月 -21,EBEE0049AAD449BA9B8741E4AB870294,
ProductNameFeedback199,ProductInfoSummary,WCSServer,产品名称反馈199,11,28,1,DB804.STRING5544,产品信息统计,1,1,1,0,1,0,,16-1月 -21,16-1月 -21,379E1380099E46A682FDDFBE1523680D,
ProductNameFeedback200,ProductInfoSummary,WCSServer,产品名称反馈200,11,28,1,DB804.STRING5572,产品信息统计,1,1,1,0,1,0,,16-1月 -21,16-1月 -21,873F37279F18476A92F0290C01205AB3,
ProductNameFeedback001,ProductInfoSummary,WCSServer,产品名称反馈001,11,28,1,DB804.STRING0,产品信息统计,1,1,1,0,1,0,,16-1月 -21,16-1月 -21,C2F6DFB85384496184B49CEA622E8521,
ProductNameFeedback002,ProductInfoSummary,WCSServer,产品名称反馈002,11,28,1,DB804.STRING28,产品信息统计,1,1,1,0,1,0,,16-1月 -21,16-1月 -21,D9CECCD0482A4749983A6473E5DE96C4,
ProductNameFeedback003,ProductInfoSummary,WCSServer,产品名称反馈003,11,28,1,DB804.STRING56,产品信息统计,1,1,1,0,1,0,,16-1月 -21,16-1月 -21,C6033781DEE046BD847F72F2B24CC2F8,
ProductNameFeedback004,ProductInfoSummary,WCSServer,产品名称反馈004,11,28,1,DB804.STRING84,产品信息统计,1,1,1,0,1,0,,16-1月 -21,16-1月 -21,6B05FBCBA8F54E348397E1BC2B073C05,
ProductNameFeedback005,ProductInfoSummary,WCSServer,产品名称反馈005,11,28,1,DB804.STRING112,产品信息统计,1,1,1,0,1,0,,16-1月 -21,16-1月 -21,A166C670CB0C40CA93DF75265922165F,
ProductNameFeedback006,ProductInfoSummary,WCSServer,产品名称反馈006,11,28,1,DB804.STRING140,产品信息统计,1,1,1,0,1,0,,16-1月 -21,16-1月 -21,855749736A4C45B88C9396745AD122C6,
ProductNameFeedback007,ProductInfoSummary,WCSServer,产品名称反馈007,11,28,1,DB804.STRING168,产品信息统计,1,1,1,0,1,0,,16-1月 -21,16-1月 -21,3CD6CE1EC7174D039C0BD0802FB743DC,
ProductNameFeedback008,ProductInfoSummary,WCSServer,产品名称反馈008,11,28,1,DB804.STRING196,产品信息统计,1,1,1,0,1,0,,16-1月 -21,16-1月 -21,E3C6ED7FEAF141E686563B76E6B06494,
ProductNameFeedback009,ProductInfoSummary,WCSServer,产品名称反馈009,11,28,1,DB804.STRING224,产品信息统计,1,1,1,0,1,0,,16-1月 -21,16-1月 -21,8949C0F461E0449FA413417E000AEB4F,
ProductNameFeedback010,ProductInfoSummary,WCSServer,产品名称反馈010,11,28,1,DB804.STRING252,产品信息统计,1,1,1,0,1,0,,16-1月 -21,16-1月 -21,4463DA24DF7446E4AF34B435DD488B35,
ProductNameFeedback011,ProductInfoSummary,WCSServer,产品名称反馈011,11,28,1,DB804.STRING280,产品信息统计,1,1,1,0,1,0,,16-1月 -21,16-1月 -21,04618AF6E73842758CE8BD86DB4206BE,
ProductNameFeedback012,ProductInfoSummary,WCSServer,产品名称反馈012,11,28,1,DB804.STRING308,产品信息统计,1,1,1,0,1,0,,16-1月 -21,16-1月 -21,709F3DB47D564F17A2F47C5880A4C64E,
ProductNameFeedback013,ProductInfoSummary,WCSServer,产品名称反馈013,11,28,1,DB804.STRING336,产品信息统计,1,1,1,0,1,0,,16-1月 -21,16-1月 -21,9CFBD9FDB20844B4A9213E263C49B05E,
ProductNameFeedback014,ProductInfoSummary,WCSServer,产品名称反馈014,11,28,1,DB804.STRING364,产品信息统计,1,1,1,0,1,0,,16-1月 -21,16-1月 -21,00CB6B02B84F444B8F48ADFE1306B9DC,
ProductNameFeedback015,ProductInfoSummary,WCSServer,产品名称反馈015,11,28,1,DB804.STRING392,产品信息统计,1,1,1,0,1,0,,16-1月 -21,16-1月 -21,317429E5A95A4C2195ED7F7BBB75AF74,
ProductNameFeedback016,ProductInfoSummary,WCSServer,产品名称反馈016,11,28,1,DB804.STRING420,产品信息统计,1,1,1,0,1,0,,16-1月 -21,16-1月 -21,E1AD94517FEB49C7B001258247BC9A17,
ProductNameFeedback017,ProductInfoSummary,WCSServer,产品名称反馈017,11,28,1,DB804.STRING448,产品信息统计,1,1,1,0,1,0,,16-1月 -21,16-1月 -21,BDDD74EA99E84200A04A75CA33B510CC,
ProductNameFeedback018,ProductInfoSummary,WCSServer,产品名称反馈018,11,28,1,DB804.STRING476,产品信息统计,1,1,1,0,1,0,,16-1月 -21,16-1月 -21,CCA33ADBCD3A418394EF4050E45E432F,
ProductNameFeedback019,ProductInfoSummary,WCSServer,产品名称反馈019,11,28,1,DB804.STRING504,产品信息统计,1,1,1,0,1,0,,16-1月 -21,16-1月 -21,4C1241A4319C41CDA525388E3B32CD1E,
ProductNameFeedback020,ProductInfoSummary,WCSServer,产品名称反馈020,11,28,1,DB804.STRING532,产品信息统计,1,1,1,0,1,0,,16-1月 -21,16-1月 -21,08975241FE184E41A635B559AFC81FE5,
ProductNameFeedback021,ProductInfoSummary,WCSServer,产品名称反馈021,11,28,1,DB804.STRING560,产品信息统计,1,1,1,0,1,0,,16-1月 -21,16-1月 -21,F224405793C440AFAE458DD05AA5FD4C,
ProductNameFeedback022,ProductInfoSummary,WCSServer,产品名称反馈022,11,28,1,DB804.STRING588,产品信息统计,1,1,1,0,1,0,,16-1月 -21,16-1月 -21,A5EAC1B44D22432B8C34E1295C51AD73,
ProductNameFeedback023,ProductInfoSummary,WCSServer,产品名称反馈023,11,28,1,DB804.STRING616,产品信息统计,1,1,1,0,1,0,,16-1月 -21,16-1月 -21,56F9EA6C3A9D49D9967701B7424B5E9F,
ProductNameFeedback024,ProductInfoSummary,WCSServer,产品名称反馈024,11,28,1,DB804.STRING644,产品信息统计,1,1,1,0,1,0,,16-1月 -21,16-1月 -21,B078D85A98B344B3AE5E5BDC62BF85F6,
ProductNameFeedback025,ProductInfoSummary,WCSServer,产品名称反馈025,11,28,1,DB804.STRING672,产品信息统计,1,1,1,0,1,0,,16-1月 -21,16-1月 -21,0C233BB64FFE4644A170615990206F14,
ProductNameFeedback026,ProductInfoSummary,WCSServer,产品名称反馈026,11,28,1,DB804.STRING700,产品信息统计,1,1,1,0,1,0,,16-1月 -21,16-1月 -21,91E77D6489D84992B7A170B1B89743AB,
ProductNameFeedback027,ProductInfoSummary,WCSServer,产品名称反馈027,11,28,1,DB804.STRING728,产品信息统计,1,1,1,0,1,0,,16-1月 -21,16-1月 -21,E9AB922FE5A94B178EFDF0A81CAF1930,
ProductNameFeedback028,ProductInfoSummary,WCSServer,产品名称反馈028,11,28,1,DB804.STRING756,产品信息统计,1,1,1,0,1,0,,16-1月 -21,16-1月 -21,D2542F0787E74FAF91CA67E355CFDC22,
ProductNameFeedback029,ProductInfoSummary,WCSServer,产品名称反馈029,11,28,1,DB804.STRING784,产品信息统计,1,1,1,0,1,0,,16-1月 -21,16-1月 -21,9E98147E6CF74F09A5EBDD6C59B8A577,
ProductNameFeedback030,ProductInfoSummary,WCSServer,产品名称反馈030,11,28,1,DB804.STRING812,产品信息统计,1,1,1,0,1,0,,16-1月 -21,16-1月 -21,EF45662A7DD843E9BA92C9C69789E60B,
ProductNameFeedback031,ProductInfoSummary,WCSServer,产品名称反馈031,11,28,1,DB804.STRING840,产品信息统计,1,1,1,0,1,0,,16-1月 -21,16-1月 -21,5F39BB50FA494A0989C9BEA938E46069,
ProductNameFeedback032,ProductInfoSummary,WCSServer,产品名称反馈032,11,28,1,DB804.STRING868,产品信息统计,1,1,1,0,1,0,,16-1月 -21,16-1月 -21,05967589B40C4573B7F49F2C7E508694,
ProductNameFeedback033,ProductInfoSummary,WCSServer,产品名称反馈033,11,28,1,DB804.STRING896,产品信息统计,1,1,1,0,1,0,,16-1月 -21,16-1月 -21,9C623C29D29547608EFE6D3386B8A1AB,
ProductNameFeedback034,ProductInfoSummary,WCSServer,产品名称反馈034,11,28,1,DB804.STRING924,产品信息统计,1,1,1,0,1,0,,16-1月 -21,16-1月 -21,6A29A5F05C9949FA8289FCB03670B509,
ProductNameFeedback035,ProductInfoSummary,WCSServer,产品名称反馈035,11,28,1,DB804.STRING952,产品信息统计,1,1,1,0,1,0,,16-1月 -21,16-1月 -21,B79B605E65DA4919859CF8C765A76B9C,
ProductNameFeedback036,ProductInfoSummary,WCSServer,产品名称反馈036,11,28,1,DB804.STRING980,产品信息统计,1,1,1,0,1,0,,16-1月 -21,16-1月 -21,D7098D55E4904FF899C69DFC503C1247,
ProductNameFeedback037,ProductInfoSummary,WCSServer,产品名称反馈037,11,28,1,DB804.STRING1008,产品信息统计,1,1,1,0,1,0,,16-1月 -21,16-1月 -21,3FAEA69F61014FA49EE3CBF456FD1E93,
ProductNameFeedback038,ProductInfoSummary,WCSServer,产品名称反馈038,11,28,1,DB804.STRING1036,产品信息统计,1,1,1,0,1,0,,16-1月 -21,16-1月 -21,837767B8684C4E96AF7400F9393C23B6,
ProductNameFeedback039,ProductInfoSummary,WCSServer,产品名称反馈039,11,28,1,DB804.STRING1064,产品信息统计,1,1,1,0,1,0,,16-1月 -21,16-1月 -21,58200DD5D1F94C24BBFD5370FDEAB099,
ProductNameFeedback040,ProductInfoSummary,WCSServer,产品名称反馈040,11,28,1,DB804.STRING1092,产品信息统计,1,1,1,0,1,0,,16-1月 -21,16-1月 -21,BA6CDE351D934E979A319EAE1AF7763B,
ProductNameFeedback041,ProductInfoSummary,WCSServer,产品名称反馈041,11,28,1,DB804.STRING1120,产品信息统计,1,1,1,0,1,0,,16-1月 -21,16-1月 -21,0475178D85854332A1927249749AC715,
ProductNameFeedback042,ProductInfoSummary,WCSServer,产品名称反馈042,11,28,1,DB804.STRING1148,产品信息统计,1,1,1,0,1,0,,16-1月 -21,16-1月 -21,7A6320A66EBD48A493148CDF59F9DF14,
ProductNameFeedback043,ProductInfoSummary,WCSServer,产品名称反馈043,11,28,1,DB804.STRING1176,产品信息统计,1,1,1,0,1,0,,16-1月 -21,16-1月 -21,6FA95D471AAB4F739630B867043F204E,
ProductNameFeedback044,ProductInfoSummary,WCSServer,产品名称反馈044,11,28,1,DB804.STRING1204,产品信息统计,1,1,1,0,1,0,,16-1月 -21,16-1月 -21,81C39A254DE940E3BF501E4F019ED095,
ProductNameFeedback045,ProductInfoSummary,WCSServer,产品名称反馈045,11,28,1,DB804.STRING1232,产品信息统计,1,1,1,0,1,0,,16-1月 -21,16-1月 -21,1469E1711E724FA2A962E397FB154B83,
ProductNameFeedback046,ProductInfoSummary,WCSServer,产品名称反馈046,11,28,1,DB804.STRING1260,产品信息统计,1,1,1,0,1,0,,16-1月 -21,16-1月 -21,4A08155581234246A885579D9472B1A3,
ProductNameFeedback047,ProductInfoSummary,WCSServer,产品名称反馈047,11,28,1,DB804.STRING1288,产品信息统计,1,1,1,0,1,0,,16-1月 -21,16-1月 -21,EE1EA0B54427436590EB014DFCAD7608,
ProductNameFeedback048,ProductInfoSummary,WCSServer,产品名称反馈048,11,28,1,DB804.STRING1316,产品信息统计,1,1,1,0,1,0,,16-1月 -21,16-1月 -21,D4639D040A8140C1B2A167D0C7CBF7BB,
ProductNameFeedback049,ProductInfoSummary,WCSServer,产品名称反馈049,11,28,1,DB804.STRING1344,产品信息统计,1,1,1,0,1,0,,16-1月 -21,16-1月 -21,53E85E42BE4D435F97B06D0E871F2AD2,
ProductNameFeedback050,ProductInfoSummary,WCSServer,产品名称反馈050,11,28,1,DB804.STRING1372,产品信息统计,1,1,1,0,1,0,,16-1月 -21,16-1月 -21,DB0297EF39894954969B1728E995DFF2,
ProductNameFeedback051,ProductInfoSummary,WCSServer,产品名称反馈051,11,28,1,DB804.STRING1400,产品信息统计,1,1,1,0,1,0,,16-1月 -21,16-1月 -21,F749C6E58B154296A1C5102A7D421EF1,
ProductNameFeedback052,ProductInfoSummary,WCSServer,产品名称反馈052,11,28,1,DB804.STRING1428,产品信息统计,1,1,1,0,1,0,,16-1月 -21,16-1月 -21,F330312E7DE24E62AABC6AD1CD719A04,
ProductNameFeedback053,ProductInfoSummary,WCSServer,产品名称反馈053,11,28,1,DB804.STRING1456,产品信息统计,1,1,1,0,1,0,,16-1月 -21,16-1月 -21,693FB6E5C024419496BC01DA4E6AA103,
ProductNameFeedback054,ProductInfoSummary,WCSServer,产品名称反馈054,11,28,1,DB804.STRING1484,产品信息统计,1,1,1,0,1,0,,16-1月 -21,16-1月 -21,8486890BDCF6491DA555F39430134D45,
ProductNameFeedback055,ProductInfoSummary,WCSServer,产品名称反馈055,11,28,1,DB804.STRING1512,产品信息统计,1,1,1,0,1,0,,16-1月 -21,16-1月 -21,E207263A443848CFBD6C088F007C0081,
ProductNameFeedback056,ProductInfoSummary,WCSServer,产品名称反馈056,11,28,1,DB804.STRING1540,产品信息统计,1,1,1,0,1,0,,16-1月 -21,16-1月 -21,4E80E4C966D94BD6A5C53BE82CE0D8B7,
ProductNameFeedback057,ProductInfoSummary,WCSServer,产品名称反馈057,11,28,1,DB804.STRING1568,产品信息统计,1,1,1,0,1,0,,16-1月 -21,16-1月 -21,7E4A481124BB4255A33B3C020A3D0AF6,
ProductNameFeedback058,ProductInfoSummary,WCSServer,产品名称反馈058,11,28,1,DB804.STRING1596,产品信息统计,1,1,1,0,1,0,,16-1月 -21,16-1月 -21,56220D1550F743EABC6DB72EAA225A3E,
ProductNameFeedback059,ProductInfoSummary,WCSServer,产品名称反馈059,11,28,1,DB804.STRING1624,产品信息统计,1,1,1,0,1,0,,16-1月 -21,16-1月 -21,0983A1D2E65E408CA15A4601E1439DD2,
ProductNameFeedback060,ProductInfoSummary,WCSServer,产品名称反馈060,11,28,1,DB804.STRING1652,产品信息统计,1,1,1,0,1,0,,16-1月 -21,16-1月 -21,69E28859C4D7489BBE076298C93F9BF0,
ProductNameFeedback061,ProductInfoSummary,WCSServer,产品名称反馈061,11,28,1,DB804.STRING1680,产品信息统计,1,1,1,0,1,0,,16-1月 -21,16-1月 -21,19D8D7A53EDC4F83948140B7A0184BAF,
ProductNameFeedback062,ProductInfoSummary,WCSServer,产品名称反馈062,11,28,1,DB804.STRING1708,产品信息统计,1,1,1,0,1,0,,16-1月 -21,16-1月 -21,798A1D6067144204937B0E7DB350DBA4,
ProductNameFeedback063,ProductInfoSummary,WCSServer,产品名称反馈063,11,28,1,DB804.STRING1736,产品信息统计,1,1,1,0,1,0,,16-1月 -21,16-1月 -21,D3770C295EE442A5BFFB1FCE255437D8,
ProductNameFeedback064,ProductInfoSummary,WCSServer,产品名称反馈064,11,28,1,DB804.STRING1764,产品信息统计,1,1,1,0,1,0,,16-1月 -21,16-1月 -21,7ABE7D59782A43E68D5015ACA7B837FA,
ProductNameFeedback065,ProductInfoSummary,WCSServer,产品名称反馈065,11,28,1,DB804.STRING1792,产品信息统计,1,1,1,0,1,0,,16-1月 -21,16-1月 -21,8B6DE0B18FFF4D1793BCF8C655FAE708,
ProductNameFeedback066,ProductInfoSummary,WCSServer,产品名称反馈066,11,28,1,DB804.STRING1820,产品信息统计,1,1,1,0,1,0,,16-1月 -21,16-1月 -21,5FBAC4BA567E49F9A79E9ED361897339,
ProductNameFeedback067,ProductInfoSummary,WCSServer,产品名称反馈067,11,28,1,DB804.STRING1848,产品信息统计,1,1,1,0,1,0,,16-1月 -21,16-1月 -21,32247FAB0D8445AAB39EB1BA56502DB8,
ProductNameFeedback068,ProductInfoSummary,WCSServer,产品名称反馈068,11,28,1,DB804.STRING1876,产品信息统计,1,1,1,0,1,0,,16-1月 -21,16-1月 -21,F8BE7E6AF3AC44938119B13ABDE97E74,
ProductNameFeedback069,ProductInfoSummary,WCSServer,产品名称反馈069,11,28,1,DB804.STRING1904,产品信息统计,1,1,1,0,1,0,,16-1月 -21,16-1月 -21,9628F6C8A28043A5B9F1ADE4246FF3A8,
ProductNameFeedback070,ProductInfoSummary,WCSServer,产品名称反馈070,11,28,1,DB804.STRING1932,产品信息统计,1,1,1,0,1,0,,16-1月 -21,16-1月 -21,AEA2883185E24D849850224D75880197,
ProductNameFeedback071,ProductInfoSummary,WCSServer,产品名称反馈071,11,28,1,DB804.STRING1960,产品信息统计,1,1,1,0,1,0,,16-1月 -21,16-1月 -21,FA8027146D0A49569BF6A89975500754,
ProductNameFeedback072,ProductInfoSummary,WCSServer,产品名称反馈072,11,28,1,DB804.STRING1988,产品信息统计,1,1,1,0,1,0,,16-1月 -21,16-1月 -21,431D3FA5B2EF4E058FCBB13E9F1F0AB8,
ProductNameFeedback073,ProductInfoSummary,WCSServer,产品名称反馈073,11,28,1,DB804.STRING2016,产品信息统计,1,1,1,0,1,0,,16-1月 -21,16-1月 -21,E3BDAD82FDF14B059678177EE6ABE3C5,
ProductNameFeedback074,ProductInfoSummary,WCSServer,产品名称反馈074,11,28,1,DB804.STRING2044,产品信息统计,1,1,1,0,1,0,,16-1月 -21,16-1月 -21,51385E754527403998CD2ABB33BD0CD7,
ProductNameFeedback075,ProductInfoSummary,WCSServer,产品名称反馈075,11,28,1,DB804.STRING2072,产品信息统计,1,1,1,0,1,0,,16-1月 -21,16-1月 -21,E2F5CE56066E4018866040B009851216,
ProductNameFeedback076,ProductInfoSummary,WCSServer,产品名称反馈076,11,28,1,DB804.STRING2100,产品信息统计,1,1,1,0,1,0,,16-1月 -21,16-1月 -21,0420ACE2984F4D00B42ECBBBD47EB33F,
ProductNameFeedback077,ProductInfoSummary,WCSServer,产品名称反馈077,11,28,1,DB804.STRING2128,产品信息统计,1,1,1,0,1,0,,16-1月 -21,16-1月 -21,5EF2C0778B1C48938F4208346D4E57BC,
ProductNameFeedback078,ProductInfoSummary,WCSServer,产品名称反馈078,11,28,1,DB804.STRING2156,产品信息统计,1,1,1,0,1,0,,16-1月 -21,16-1月 -21,0D20A0DA1BF74FC1BEF90A4622073489,
ProductNameFeedback079,ProductInfoSummary,WCSServer,产品名称反馈079,11,28,1,DB804.STRING2184,产品信息统计,1,1,1,0,1,0,,16-1月 -21,16-1月 -21,0E04399002FA44FD864306811EED6E5F,
ProductNameFeedback080,ProductInfoSummary,WCSServer,产品名称反馈080,11,28,1,DB804.STRING2212,产品信息统计,1,1,1,0,1,0,,16-1月 -21,16-1月 -21,F86704D603A245E2806AFB59D363685E,
ProductNameFeedback081,ProductInfoSummary,WCSServer,产品名称反馈081,11,28,1,DB804.STRING2240,产品信息统计,1,1,1,0,1,0,,16-1月 -21,16-1月 -21,99B9256363324E7AAFBB23C956B3F86E,
ProductNameFeedback082,ProductInfoSummary,WCSServer,产品名称反馈082,11,28,1,DB804.STRING2268,产品信息统计,1,1,1,0,1,0,,16-1月 -21,16-1月 -21,7DB1EC79967F4FB794E0101199B4389B,
ProductNameFeedback083,ProductInfoSummary,WCSServer,产品名称反馈083,11,28,1,DB804.STRING2296,产品信息统计,1,1,1,0,1,0,,16-1月 -21,16-1月 -21,F7FAF27B1B634AE4ABCDFDF1593C34A3,
ProductNameFeedback084,ProductInfoSummary,WCSServer,产品名称反馈084,11,28,1,DB804.STRING2324,产品信息统计,1,1,1,0,1,0,,16-1月 -21,16-1月 -21,671C89335E42447DB019E733B188A85B,
ProductNameFeedback085,ProductInfoSummary,WCSServer,产品名称反馈085,11,28,1,DB804.STRING2352,产品信息统计,1,1,1,0,1,0,,16-1月 -21,16-1月 -21,8E75FE216F834F4087BB0E65D29DEF64,
ProductNameFeedback086,ProductInfoSummary,WCSServer,产品名称反馈086,11,28,1,DB804.STRING2380,产品信息统计,1,1,1,0,1,0,,16-1月 -21,16-1月 -21,79C707D388294DE2A8382AB6137DDD64,
ProductNameFeedback087,ProductInfoSummary,WCSServer,产品名称反馈087,11,28,1,DB804.STRING2408,产品信息统计,1,1,1,0,1,0,,16-1月 -21,16-1月 -21,5936D5B53C3E48BA981F171D96FF1C1F,
ProductNameFeedback088,ProductInfoSummary,WCSServer,产品名称反馈088,11,28,1,DB804.STRING2436,产品信息统计,1,1,1,0,1,0,,16-1月 -21,16-1月 -21,4F5C69BAFB7F455D973581F87D44418C,
ProductNameFeedback089,ProductInfoSummary,WCSServer,产品名称反馈089,11,28,1,DB804.STRING2464,产品信息统计,1,1,1,0,1,0,,16-1月 -21,16-1月 -21,339E0257A38F4F7CA38BE93317C09285,
ProductNameFeedback090,ProductInfoSummary,WCSServer,产品名称反馈090,11,28,1,DB804.STRING2492,产品信息统计,1,1,1,0,1,0,,16-1月 -21,16-1月 -21,C441D21544E8430AB10013CBA139E2E1,
ProductNameFeedback091,ProductInfoSummary,WCSServer,产品名称反馈091,11,28,1,DB804.STRING2520,产品信息统计,1,1,1,0,1,0,,16-1月 -21,16-1月 -21,9A11A589A9C840D8941735B1DDC68D43,
ProductNameFeedback092,ProductInfoSummary,WCSServer,产品名称反馈092,11,28,1,DB804.STRING2548,产品信息统计,1,1,1,0,1,0,,16-1月 -21,16-1月 -21,9C81BD9E93EA4151ADA2D61B87213E33,
ProductNameFeedback093,ProductInfoSummary,WCSServer,产品名称反馈093,11,28,1,DB804.STRING2576,产品信息统计,1,1,1,0,1,0,,16-1月 -21,16-1月 -21,15241D15F42E4081A008844D891A5FE6,
ProductNameFeedback094,ProductInfoSummary,WCSServer,产品名称反馈094,11,28,1,DB804.STRING2604,产品信息统计,1,1,1,0,1,0,,16-1月 -21,16-1月 -21,90068D2832804F8184F9D60D26AA7F09,
ProductNameFeedback095,ProductInfoSummary,WCSServer,产品名称反馈095,11,28,1,DB804.STRING2632,产品信息统计,1,1,1,0,1,0,,16-1月 -21,16-1月 -21,30F7F8B6B6E24C7FB0C16BD868309412,
ProductNameFeedback096,ProductInfoSummary,WCSServer,产品名称反馈096,11,28,1,DB804.STRING2660,产品信息统计,1,1,1,0,1,0,,16-1月 -21,16-1月 -21,1D863C6DB8CA42D089349267AF2E0266,
ProductNameFeedback097,ProductInfoSummary,WCSServer,产品名称反馈097,11,28,1,DB804.STRING2688,产品信息统计,1,1,1,0,1,0,,16-1月 -21,16-1月 -21,82067B86DD2F486E9AFAC3406A0692DD,
ProductNameFeedback098,ProductInfoSummary,WCSServer,产品名称反馈098,11,28,1,DB804.STRING2716,产品信息统计,1,1,1,0,1,0,,16-1月 -21,16-1月 -21,9BCEF471FC1E4FA2A0D64177327F987F,
ProductNameFeedback099,ProductInfoSummary,WCSServer,产品名称反馈099,11,28,1,DB804.STRING2744,产品信息统计,1,1,1,0,1,0,,16-1月 -21,16-1月 -21,D83A277ED02740BBB8E6C0E113C0670B,
ProductNameFeedback100,ProductInfoSummary,WCSServer,产品名称反馈100,11,28,1,DB804.STRING2772,产品信息统计,1,1,1,0,1,0,,16-1月 -21,16-1月 -21,B7138FA529F44CA7BD96BB9D84008367,
ProductNameFeedback101,ProductInfoSummary,WCSServer,产品名称反馈101,11,28,1,DB804.STRING2800,产品信息统计,1,1,1,0,1,0,,16-1月 -21,16-1月 -21,088A9D662844457D99D5583A0745EB86,
ProductNameFeedback102,ProductInfoSummary,WCSServer,产品名称反馈102,11,28,1,DB804.STRING2828,产品信息统计,1,1,1,0,1,0,,16-1月 -21,16-1月 -21,ADB1402D499242A1BFE076232247CE28,
ProductNameFeedback103,ProductInfoSummary,WCSServer,产品名称反馈103,11,28,1,DB804.STRING2856,产品信息统计,1,1,1,0,1,0,,16-1月 -21,16-1月 -21,35206C41AD9B41E697756C0F874ED054,
ProductNameFeedback104,ProductInfoSummary,WCSServer,产品名称反馈104,11,28,1,DB804.STRING2884,产品信息统计,1,1,1,0,1,0,,16-1月 -21,16-1月 -21,D3E3704DDB3A47CDA3F52E7F0E6942EB,
ProductNameFeedback105,ProductInfoSummary,WCSServer,产品名称反馈105,11,28,1,DB804.STRING2912,产品信息统计,1,1,1,0,1,0,,16-1月 -21,16-1月 -21,A1132D48C16D44B1A844A3D79CB4070A,
ProductNameFeedback106,ProductInfoSummary,WCSServer,产品名称反馈106,11,28,1,DB804.STRING2940,产品信息统计,1,1,1,0,1,0,,16-1月 -21,16-1月 -21,48D5205046014B8F93EDE5F6E32B94F5,
ProductNameFeedback107,ProductInfoSummary,WCSServer,产品名称反馈107,11,28,1,DB804.STRING2968,产品信息统计,1,1,1,0,1,0,,16-1月 -21,16-1月 -21,E2B1B8BCFF6A4887B129EFD15E249E2A,
ProductNameFeedback108,ProductInfoSummary,WCSServer,产品名称反馈108,11,28,1,DB804.STRING2996,产品信息统计,1,1,1,0,1,0,,16-1月 -21,16-1月 -21,E21DA22C840B44D8911B391E02B1F6E4,
ProductNameFeedback109,ProductInfoSummary,WCSServer,产品名称反馈109,11,28,1,DB804.STRING3024,产品信息统计,1,1,1,0,1,0,,16-1月 -21,16-1月 -21,495D5AC36BF34C2C9D1A903926C36ACA,
ProductNameFeedback132,ProductInfoSummary,WCSServer,产品名称反馈132,11,28,1,DB804.STRING3668,产品信息统计,1,1,1,0,1,0,,16-1月 -21,16-1月 -21,04BC45A0C4694E919805873443E62AB1,
ProductNameFeedback133,ProductInfoSummary,WCSServer,产品名称反馈133,11,28,1,DB804.STRING3696,产品信息统计,1,1,1,0,1,0,,16-1月 -21,16-1月 -21,B6B4462319F24DA5AAD43BF7C5330922,
ProductNameFeedback134,ProductInfoSummary,WCSServer,产品名称反馈134,11,28,1,DB804.STRING3724,产品信息统计,1,1,1,0,1,0,,16-1月 -21,16-1月 -21,DD5228A40BB244A39518F9CE0258F4D8,
ProductNameFeedback135,ProductInfoSummary,WCSServer,产品名称反馈135,11,28,1,DB804.STRING3752,产品信息统计,1,1,1,0,1,0,,16-1月 -21,16-1月 -21,37FBC20EB02C40298EB6FC2CCAA4F3B0,
ProductNameFeedback136,ProductInfoSummary,WCSServer,产品名称反馈136,11,28,1,DB804.STRING3780,产品信息统计,1,1,1,0,1,0,,16-1月 -21,16-1月 -21,E20C637F16854C509C1EB33F76FEA4EB,
ProductNameFeedback110,ProductInfoSummary,WCSServer,产品名称反馈110,11,28,1,DB804.STRING3052,产品信息统计,1,1,1,0,1,0,,16-1月 -21,16-1月 -21,8D62524CF42B4979B3DBC3869BDE2CE3,
ProductNameFeedback111,ProductInfoSummary,WCSServer,产品名称反馈111,11,28,1,DB804.STRING3080,产品信息统计,1,1,1,0,1,0,,16-1月 -21,16-1月 -21,81D053FBC58C49499D52450CBD1F615B,
ProductNameFeedback112,ProductInfoSummary,WCSServer,产品名称反馈112,11,28,1,DB804.STRING3108,产品信息统计,1,1,1,0,1,0,,16-1月 -21,16-1月 -21,3C9B90A67CE145CAAF6BAB2CAEAE223E,
ProductNameFeedback113,ProductInfoSummary,WCSServer,产品名称反馈113,11,28,1,DB804.STRING3136,产品信息统计,1,1,1,0,1,0,,16-1月 -21,16-1月 -21,3987EA1233494D2690B42E5F1BFD86E8,
ProductNameFeedback114,ProductInfoSummary,WCSServer,产品名称反馈114,11,28,1,DB804.STRING3164,产品信息统计,1,1,1,0,1,0,,16-1月 -21,16-1月 -21,50036B4718D54E4AB5A88D76CEAF9020,
ProductNameFeedback115,ProductInfoSummary,WCSServer,产品名称反馈115,11,28,1,DB804.STRING3192,产品信息统计,1,1,1,0,1,0,,16-1月 -21,16-1月 -21,441F25B6FC8D4FC492366923EDA0CE1F,
ProductNameFeedback116,ProductInfoSummary,WCSServer,产品名称反馈116,11,28,1,DB804.STRING3220,产品信息统计,1,1,1,0,1,0,,16-1月 -21,16-1月 -21,0D43AAA91D864D80A3F1506104DE7053,
ProductNameFeedback117,ProductInfoSummary,WCSServer,产品名称反馈117,11,28,1,DB804.STRING3248,产品信息统计,1,1,1,0,1,0,,16-1月 -21,16-1月 -21,7F9FEEF18AEB452792A82A00433A7123,
ProductNameFeedback118,ProductInfoSummary,WCSServer,产品名称反馈118,11,28,1,DB804.STRING3276,产品信息统计,1,1,1,0,1,0,,16-1月 -21,16-1月 -21,8282C1346A2148A58CB44B7FE0A41D16,
ProductNameFeedback119,ProductInfoSummary,WCSServer,产品名称反馈119,11,28,1,DB804.STRING3304,产品信息统计,1,1,1,0,1,0,,16-1月 -21,16-1月 -21,74AC37020FD242B4AD38F895C4DBFF4F,
ProductNameFeedback120,ProductInfoSummary,WCSServer,产品名称反馈120,11,28,1,DB804.STRING3332,产品信息统计,1,1,1,0,1,0,,16-1月 -21,16-1月 -21,20257D8AE2C64E42867C4D0B02BB3629,
ProductNameFeedback121,ProductInfoSummary,WCSServer,产品名称反馈121,11,28,1,DB804.STRING3360,产品信息统计,1,1,1,0,1,0,,16-1月 -21,16-1月 -21,5DD6F2DA1F7145DDBCB79DBDD3425AF2,
ProductNameFeedback122,ProductInfoSummary,WCSServer,产品名称反馈122,11,28,1,DB804.STRING3388,产品信息统计,1,1,1,0,1,0,,16-1月 -21,16-1月 -21,A167BDEE8E6C4039B50D1AA94F8E0DF9,
ProductNameFeedback123,ProductInfoSummary,WCSServer,产品名称反馈123,11,28,1,DB804.STRING3416,产品信息统计,1,1,1,0,1,0,,16-1月 -21,16-1月 -21,62FDB699DFAB49C5A4253821FDDDD308,
ProductNameFeedback124,ProductInfoSummary,WCSServer,产品名称反馈124,11,28,1,DB804.STRING3444,产品信息统计,1,1,1,0,1,0,,16-1月 -21,16-1月 -21,912CE176051A417CAA1163E3ECF2A57F,
ProductNameFeedback125,ProductInfoSummary,WCSServer,产品名称反馈125,11,28,1,DB804.STRING3472,产品信息统计,1,1,1,0,1,0,,16-1月 -21,16-1月 -21,A870EE31DFFE4B1F8CA505AD2493FBD0,
ProductNameFeedback126,ProductInfoSummary,WCSServer,产品名称反馈126,11,28,1,DB804.STRING3500,产品信息统计,1,1,1,0,1,0,,16-1月 -21,16-1月 -21,FD8587E97B1D4EA68081338075301E93,
ProductNameFeedback127,ProductInfoSummary,WCSServer,产品名称反馈127,11,28,1,DB804.STRING3528,产品信息统计,1,1,1,0,1,0,,16-1月 -21,16-1月 -21,07436CD27D3B4D7480B61550FA684A3F,
ProductNameFeedback128,ProductInfoSummary,WCSServer,产品名称反馈128,11,28,1,DB804.STRING3556,产品信息统计,1,1,1,0,1,0,,16-1月 -21,16-1月 -21,44F234C7429C4A3598E34FC6A06E963A,
ProductNameFeedback129,ProductInfoSummary,WCSServer,产品名称反馈129,11,28,1,DB804.STRING3584,产品信息统计,1,1,1,0,1,0,,16-1月 -21,16-1月 -21,502DC85B20B44CC8B76AA86E88E351AA,
ProductNameFeedback130,ProductInfoSummary,WCSServer,产品名称反馈130,11,28,1,DB804.STRING3612,产品信息统计,1,1,1,0,1,0,,16-1月 -21,16-1月 -21,839A635EEEF14A14A5DAC591E25FCDA2,
ProductNameFeedback131,ProductInfoSummary,WCSServer,产品名称反馈131,11,28,1,DB804.STRING3640,产品信息统计,1,1,1,0,1,0,,16-1月 -21,16-1月 -21,5BC4E952AFF446DA8AA83B244D025D15,
ProductNameFeedback137,ProductInfoSummary,WCSServer,产品名称反馈137,11,28,1,DB804.STRING3808,产品信息统计,1,1,1,0,1,0,,16-1月 -21,16-1月 -21,BB2DFACFB0794CBCAA73F40E40CDABD9,
ProductNameFeedback138,ProductInfoSummary,WCSServer,产品名称反馈138,11,28,1,DB804.STRING3836,产品信息统计,1,1,1,0,1,0,,16-1月 -21,16-1月 -21,6D8D2A1436F7492BA6B1DAF7A972F1B9,
ProductNameFeedback139,ProductInfoSummary,WCSServer,产品名称反馈139,11,28,1,DB804.STRING3864,产品信息统计,1,1,1,0,1,0,,16-1月 -21,16-1月 -21,3C6999A32A294867A1253A8B57EC0176,
ProductNameFeedback140,ProductInfoSummary,WCSServer,产品名称反馈140,11,28,1,DB804.STRING3892,产品信息统计,1,1,1,0,1,0,,16-1月 -21,16-1月 -21,97CE830175494A5BADDB14536CD9AA82,
ProductNameFeedback141,ProductInfoSummary,WCSServer,产品名称反馈141,11,28,1,DB804.STRING3920,产品信息统计,1,1,1,0,1,0,,16-1月 -21,16-1月 -21,8F11F8AEF445410482768EFDD7FDC467,
ProductNameFeedback142,ProductInfoSummary,WCSServer,产品名称反馈142,11,28,1,DB804.STRING3948,产品信息统计,1,1,1,0,1,0,,16-1月 -21,16-1月 -21,4310ED0A217E4BE7B22B1F95CE6AF3F5,
ProductNameFeedback143,ProductInfoSummary,WCSServer,产品名称反馈143,11,28,1,DB804.STRING3976,产品信息统计,1,1,1,0,1,0,,16-1月 -21,16-1月 -21,D42DB4B9582B4E8B9F233A12A0CEA99B,
ProductNameFeedback144,ProductInfoSummary,WCSServer,产品名称反馈144,11,28,1,DB804.STRING4004,产品信息统计,1,1,1,0,1,0,,16-1月 -21,16-1月 -21,4836005B933648DFAAB1CDAEFAB7C689,
ProductNameFeedback145,ProductInfoSummary,WCSServer,产品名称反馈145,11,28,1,DB804.STRING4032,产品信息统计,1,1,1,0,1,0,,16-1月 -21,16-1月 -21,B84ED21E0DFD4AEBB5B88313021C5887,
ProductNameFeedback146,ProductInfoSummary,WCSServer,产品名称反馈146,11,28,1,DB804.STRING4060,产品信息统计,1,1,1,0,1,0,,16-1月 -21,16-1月 -21,2C6497EEE2364647BC26AD6EA5735A56,
ProductNameFeedback147,ProductInfoSummary,WCSServer,产品名称反馈147,11,28,1,DB804.STRING4088,产品信息统计,1,1,1,0,1,0,,16-1月 -21,16-1月 -21,33DA0537DBFA41148771E87337A5866F,
ProductNameFeedback148,ProductInfoSummary,WCSServer,产品名称反馈148,11,28,1,DB804.STRING4116,产品信息统计,1,1,1,0,1,0,,16-1月 -21,16-1月 -21,02F44F104713464E95184A0E30448E42,
ProductNameFeedback149,ProductInfoSummary,WCSServer,产品名称反馈149,11,28,1,DB804.STRING4144,产品信息统计,1,1,1,0,1,0,,16-1月 -21,16-1月 -21,2C120EE11DE2401D948604B8B55FC13B,
ProductNameFeedback150,ProductInfoSummary,WCSServer,产品名称反馈150,11,28,1,DB804.STRING4172,产品信息统计,1,1,1,0,1,0,,16-1月 -21,16-1月 -21,FF70B2EA3A084C06A67117E420567460,
ProductNameFeedback151,ProductInfoSummary,WCSServer,产品名称反馈151,11,28,1,DB804.STRING4200,产品信息统计,1,1,1,0,1,0,,16-1月 -21,16-1月 -21,582FE112662144078AC51608BAAF4592,
ProductNameFeedback152,ProductInfoSummary,WCSServer,产品名称反馈152,11,28,1,DB804.STRING4228,产品信息统计,1,1,1,0,1,0,,16-1月 -21,16-1月 -21,788E34A804E249C48287C3C62D351373,
ProductNameFeedback153,ProductInfoSummary,WCSServer,产品名称反馈153,11,28,1,DB804.STRING4256,产品信息统计,1,1,1,0,1,0,,16-1月 -21,16-1月 -21,D59A00326699421FA31CB3E79969BF23,
ProductNameFeedback154,ProductInfoSummary,WCSServer,产品名称反馈154,11,28,1,DB804.STRING4284,产品信息统计,1,1,1,0,1,0,,16-1月 -21,16-1月 -21,2EB6599CE644461E9BB930168F38571D,
ProductNameFeedback155,ProductInfoSummary,WCSServer,产品名称反馈155,11,28,1,DB804.STRING4312,产品信息统计,1,1,1,0,1,0,,16-1月 -21,16-1月 -21,6A9D750A93704EECBC2A969E5DD980E6,
ProductNameFeedback156,ProductInfoSummary,WCSServer,产品名称反馈156,11,28,1,DB804.STRING4340,产品信息统计,1,1,1,0,1,0,,16-1月 -21,16-1月 -21,572C85AC1E644C62AE1ABA3A82062472,
ProductNameFeedback157,ProductInfoSummary,WCSServer,产品名称反馈157,11,28,1,DB804.STRING4368,产品信息统计,1,1,1,0,1,0,,16-1月 -21,16-1月 -21,159EE140C2CF478897E977423BC4FE13,
ProductNameFeedback158,ProductInfoSummary,WCSServer,产品名称反馈158,11,28,1,DB804.STRING4396,产品信息统计,1,1,1,0,1,0,,16-1月 -21,16-1月 -21,BB597CBE81E04BE3A18222EE30118F6F,
ProductNameFeedback159,ProductInfoSummary,WCSServer,产品名称反馈159,11,28,1,DB804.STRING4424,产品信息统计,1,1,1,0,1,0,,16-1月 -21,16-1月 -21,E711C544EE784661B3E8E86064500211,
ProductNameFeedback160,ProductInfoSummary,WCSServer,产品名称反馈160,11,28,1,DB804.STRING4452,产品信息统计,1,1,1,0,1,0,,16-1月 -21,16-1月 -21,2797CE08D96F40A1B448DD67FCF5EEEE,
ProductNameFeedback161,ProductInfoSummary,WCSServer,产品名称反馈161,11,28,1,DB804.STRING4480,产品信息统计,1,1,1,0,1,0,,16-1月 -21,16-1月 -21,B520D4492B8F4F239B37CFAB5F4DD074,
ProductNameFeedback162,ProductInfoSummary,WCSServer,产品名称反馈162,11,28,1,DB804.STRING4508,产品信息统计,1,1,1,0,1,0,,16-1月 -21,16-1月 -21,CCDE595A042641028B3DBA3D17232E07,
ProductNameFeedback163,ProductInfoSummary,WCSServer,产品名称反馈163,11,28,1,DB804.STRING4536,产品信息统计,1,1,1,0,1,0,,16-1月 -21,16-1月 -21,4983FD90BBAD41DFB8BB76B4B53CD384,
